{
  "current-scene": "297ce4e8-9af5-4f36-b01a-596cc4b0eff6",
  "camera-infos": {
    "297ce4e8-9af5-4f36-b01a-596cc4b0eff6": {
      "position": {
        "x": 480,
        "y": 320,
        "z": 1000
      },
      "rotation": {
        "w": 1,
        "x": 0,
        "y": 0,
        "z": 0
      },
      "viewCenter": {
        "x": 480,
        "y": 320,
        "z": 1
      }
    },
    "bae45b73-9ed2-4cc1-acec-6318b9a0d2a4": {
      "position": {
        "x": 50,
        "y": 50,
        "z": 50
      },
      "rotation": {
        "w": 0.8804762392171493,
        "x": -0.27984814233312133,
        "y": 0.3647051996310009,
        "z": 0.11591689595929514
      },
      "viewCenter": {
        "x": 0,
        "y": 0,
        "z": 0
      }
    },
    "f46876e4-e81b-4931-b493-6d367be385e7": {
      "position": {
        "x": 50,
        "y": 50,
        "z": 50
      },
      "rotation": {
        "w": 0.8804762392171493,
        "x": -0.27984814233312133,
        "y": 0.3647051996310009,
        "z": 0.11591689595929514
      },
      "viewCenter": {
        "x": 0,
        "y": 0,
        "z": 0
      }
    }
  },
  "camera-uuids": [
    "f46876e4-e81b-4931-b493-6d367be385e7",
    "bae45b73-9ed2-4cc1-acec-6318b9a0d2a4",
    "297ce4e8-9af5-4f36-b01a-596cc4b0eff6"
  ]
}
